Date,Numeros,Etoiles,SUPER-STAR
09.04.2021,2-8-32-35-44,08.11.2022,K-6-4-2-Y
06.04.2021,2-21-37-38-50,07.08.2022,T-5-1-8-C
02.04.2021,4-21-34-40-47,02.05.2022,K-1-4-0-C
30.03.2021,24-27-28-29-42,04.08.2022,N-9-1-3-F
26.03.2021,10-12-37-49-50,03.08.2022,I-6-6-4-V
23.03.2021,2-26-29-36-49,03.09.2022,V-4-9-0-H
19.03.2021,3-9-35-43-44,01.10.2022,S-8-8-0-V
16.03.2021,23-25-32-35-47,02.06.2022,M-0-1-5-Y
12.03.2021,4-6-9-11-44,10.11.2022,I-3-1-0-I
09.03.2021,1-16-21-32-33,11.12.2022,P-4-0-8-K
05.03.2021,4-5-39-46-48,07.10.2022,M-0-8-7-K
02.03.2021,2-19-24-26-49,06.07.2022,F-8-5-2-J
26.02.2021,6-12-22-29-33,06.11.2022,V-7-4-9-M
23.02.2021,9-18-30-39-45,01.03.2022,R-9-0-8-E
19.02.2021,4-12-25-46-48,07.12.2022,W-3-3-0-A
16.02.2021,5-9-25-29-30,06.07.2022,L-9-7-9-K
12.02.2021,7-23-30-32-36,08.12.2022,D-6-3-6-X
09.02.2021,5-10-24-31-37,09.10.2022,L-6-5-8-O
05.02.2021,12-19-37-44-45,02.06.2022,W-1-8-6-E
02.02.2021,18-20-35-38-48,09.12.2022,R-3-9-9-K
29.01.2021,1-5-27-36-42,01.06.2022,C-1-1-9-J
26.01.2021,5-7-25-37-40,02.08.2022,O-8-9-3-U
22.01.2021,8-16-42-44-47,06.07.2022,X-5-4-6-Z
19.01.2021,25-27-31-35-43,05.06.2022,V-7-1-6-G
15.01.2021,4-10-27-38-40,03.11.2022,H-2-7-6-Y
12.01.2021,2-10-18-34-35,06.09.2022,J-0-1-6-E
08.01.2021,18-23-37-41-42,04.06.2022,R-0-5-6-R
05.01.2021,12-34-37-38-42,01.03.2022,R-6-0-9-Q
01.01.2021,16-28-32-44-48,01.09.2022,R-9-4-3-X
29.12.2020,7-32-39-40-45,03.08.2022,P-6-7-3-U
25.12.2020,16-21-27-30-32,03.05.2022,D-3-8-3-Q
22.12.2020,2-10-16-42-50,04.11.2022,P-9-1-4-C
18.12.2020,2-3-13-17-21,07.08.2022,A-4-3-4-Q
15.12.2020,9-13-21-29-35,01.02.2022,H-0-0-8-K
11.12.2020,6-9-13-24-41,03.12.2022,D-1-7-3-Z
08.12.2020,1-4-21-24-46,02.12.2022,S-2-5-1-R
04.12.2020,14-20-27-34-38,01.11.2022,F-7-9-7-J
01.12.2020,14-20-29-47-49,04.12.2022,G-5-2-7-S
27.11.2020,2-5-8-14-16,08.09.2022,E-6-6-0-E
24.11.2020,25-33-38-42-50,08.12.2022,B-2-4-3-T
20.11.2020,28-29-39-48-50,05.07.2022,K-3-9-6-J
17.11.2020,16-19-25-30-44,02.06.2022,Z-3-6-6-X
13.11.2020,1-5-17-28-31,01.10.2022,N-4-5-5-M
10.11.2020,3-19-29-32-38,05.12.2022,W-8-2-8-F
06.11.2020,7-12-37-40-50,01.02.2022,F-3-9-6-O
03.11.2020,5-7-18-20-30,06.07.2022,S-0-6-3-X
30.10.2020,12-16-20-21-28,03.09.2022,Z-1-2-0-I
27.10.2020,13-15-28-32-44,03.12.2022,L-7-5-8-Y
23.10.2020,10-15-19-21-23,03.12.2022,D-8-9-2-D
20.10.2020,5-6-15-37-42,03.04.2022,L-0-5-2-M
16.10.2020,15-33-38-40-50,03.06.2022,X-1-4-0-N
13.10.2020,5-14-38-41-46,01.10.2022,Q-0-7-2-F
09.10.2020,11-15-35-41-50,05.08.2022,X-7-1-8-J
06.10.2020,4-21-36-41-47,09.11.2022,B-1-5-0-Z
02.10.2020,6-12-15-40-45,03.09.2022,E-1-3-3-J
29.09.2020,4-14-16-41-44,11.12.2022,Z-8-6-6-I
25.09.2020,19-23-34-37-45,01.07.2022,---------
22.09.2020,16-25-28-39-40,01.06.2022,---------
18.09.2020,2-10-19-25-45,01.07.2022,---------
15.09.2020,16-20-25-30-38,06.08.2022,---------
11.09.2020,34-38-42-43-45,09.12.2022,---------
08.09.2020,2-9-31-35-41,09.12.2022,---------
04.09.2020,6-22-29-40-43,04.07.2022,---------
01.09.2020,4-8-10-33-46,08.11.2022,---------
28.08.2020,7-12-16-17-31,07.09.2022,---------
25.08.2020,7-18-30-37-39,08.10.2022,---------
21.08.2020,10-15-35-44-50,03.05.2022,---------
18.08.2020,6-12-17-34-42,05.12.2022,---------
14.08.2020,9-10-19-42-49,04.12.2022,---------
11.08.2020,8-13-14-42-50,03.09.2022,---------
07.08.2020,5-20-21-36-41,06.11.2022,---------
04.08.2020,1-2-5-15-42,05.08.2022,---------
31.07.2020,21-24-30-46-49,02.05.2022,---------
28.07.2020,9-13-15-17-34,02.07.2022,---------
24.07.2020,8-9-27-28-50,04.12.2022,---------
21.07.2020,14-15-24-29-42,02.04.2022,---------
17.07.2020,7-15-27-41-43,07.09.2022,---------
14.07.2020,11-22-30-37-47,09.10.2022,---------
10.07.2020,15-17-23-30-38,02.07.2022,---------
07.07.2020,12-16-23-33-41,08.10.2022,---------
03.07.2020,4-16-27-37-39,03.06.2022,---------
30.06.2020,1-6-11-28-42,02.10.2022,---------
26.06.2020,1-10-12-21-26,05.11.2022,---------
23.06.2020,2-12-19-46-49,01.08.2022,---------
19.06.2020,5-14-19-24-43,03.11.2022,---------
16.06.2020,4-9-11-17-39,02.10.2022,---------
12.06.2020,2-24-39-45-46,04.08.2022,---------
09.06.2020,5-15-27-36-46,02.08.2022,---------
05.06.2020,5-11-17-24-37,03.06.2022,---------
02.06.2020,10-12-22-26-49,07.11.2022,---------
29.05.2020,4-8-11-19-46,04.08.2022,---------
26.05.2020,4-9-14-21-27,04.06.2022,---------
22.05.2020,3-18-22-27-32,02.07.2022,---------
19.05.2020,5-25-32-37-43,06.07.2022,---------
15.05.2020,11-23-32-34-39,01.06.2022,---------
12.05.2020,9-16-29-37-39,04.11.2022,---------
08.05.2020,8-25-32-33-38,07.09.2022,---------
05.05.2020,2-10-22-27-41,02.03.2022,---------
01.05.2020,19-20-38-45-47,02.06.2022,---------
28.04.2020,15-23-26-28-32,01.05.2022,---------
24.04.2020,1-5-19-21-28,04.07.2022,---------
21.04.2020,10-11-14-23-28,06.08.2022,---------
17.04.2020,16-28-32-37-45,01.11.2022,---------
14.04.2020,6-29-34-35-40,04.11.2022,---------
10.04.2020,3-10-17-33-39,01.04.2022,---------
07.04.2020,4-5-14-33-48,07.12.2022,---------
03.04.2020,16-19-34-46-50,02.06.2022,---------
31.03.2020,12-17-24-30-36,01.09.2022,---------
27.03.2020,11-14-27-41-46,02.03.2022,---------
24.03.2020,7-12-26-30-33,10.11.2022,---------
20.03.2020,3-9-20-34-40,06.12.2022,---------
17.03.2020,5-7-8-16-20,02.12.2022,---------
13.03.2020,3-11-21-27-36,09.10.2022,---------
10.03.2020,11-23-30-37-43,05.12.2022,---------
06.03.2020,15-38-43-45-46,01.11.2022,---------
03.03.2020,4-14-27-44-45,01.10.2022,---------
28.02.2020,8-11-20-22-23,03.04.2022,Y-1-9-1-T
25.02.2020,1-4-18-27-42,04.06.2022,G-8-0-1-L
21.02.2020,7-23-30-32-45,05.09.2022,P-4-0-5-S
18.02.2020,11-32-34-38-47,02.10.2022,I-7-5-2-B
14.02.2020,5-20-35-41-49,06.10.2022,A-0-2-8-O
11.02.2020,24-26-32-43-46,06.10.2022,G-5-0-0-E
07.02.2020,9-15-17-25-40,03.09.2022,F-2-2-0-F
04.02.2020,21-23-33-35-47,06.07.2022,A-1-2-0-K
31.01.2020,13-18-20-23-30,02.04.2022,X-3-1-8-F
28.01.2020,1-19-27-31-38,04.05.2022,Q-7-6-4-W
24.01.2020,3-4-6-9-24,05.08.2022,K-9-9-7-U
21.01.2020,10-11-24-36-46,03.05.2022,F-2-9-3-P
17.01.2020,8-19-20-29-44,03.08.2022,F-2-0-5-G
14.01.2020,21-25-29-39-44,08.09.2022,A-2-8-1-O
10.01.2020,6-17-32-44-46,02.06.2022,P-8-3-8-N
07.01.2020,5-8-12-37-43,06.11.2022,N-2-4-2-G
03.01.2020,5-15-20-36-47,08.12.2022,F-8-2-9-J
31.12.2019,26-31-33-41-48,02.04.2022,M-1-2-2-P
27.12.2019,1-7-22-26-35,05.10.2022,E-8-4-8-I
24.12.2019,3-11-13-14-47,03.06.2022,H-3-7-9-X
20.12.2019,8-24-30-32-34,03.04.2022,K-9-8-6-O
17.12.2019,1-7-12-25-49,06.09.2022,T-7-6-1-Q
13.12.2019,9-16-18-23-32,02.10.2022,G-5-9-1-Q
10.12.2019,2-10-19-21-47,02.08.2022,N-8-2-7-F
06.12.2019,1-3-27-39-46,01.10.2022,X-1-8-3-N
03.12.2019,18-31-32-38-48,04.12.2022,F-8-8-2-C
29.11.2019,3-7-12-42-50,06.08.2022,R-6-8-6-N
26.11.2019,2-3-15-19-34,05.08.2022,D-3-3-7-G
22.11.2019,3-21-32-34-48,03.11.2022,H-3-8-4-L
19.11.2019,8-10-15-30-42,04.06.2022,X-9-0-7-Y
15.11.2019,3-13-20-32-34,04.11.2022,R-1-4-7-W
12.11.2019,1-21-23-25-39,02.04.2022,A-9-2-2-L
08.11.2019,8-17-20-23-45,02.08.2022,A-5-5-5-Z
05.11.2019,9-14-25-33-48,02.12.2022,I-5-8-9-Q
01.11.2019,2-20-39-44-48,05.07.2022,T-9-5-4-D
29.10.2019,16-18-28-42-49,05.10.2022,F-8-5-3-Q
25.10.2019,34-37-39-40-50,04.10.2022,E-0-4-1-U
22.10.2019,2-5-32-33-47,07.08.2022,K-8-5-1-Q
18.10.2019,8-18-22-41-42,11.12.2022,C-4-1-7-W
15.10.2019,3-28-31-32-34,04.05.2022,D-3-0-3-B
11.10.2019,2-14-19-42-45,05.06.2022,I-1-4-4-W
08.10.2019,7-10-15-44-49,03.12.2022,C-7-1-8-W
04.10.2019,6-9-35-41-44,06.09.2022,H-2-6-3-K
01.10.2019,2-11-18-40-46,01.04.2022,F-4-8-1-B
27.09.2019,24-37-41-43-46,02.08.2022,P-3-8-7-I
24.09.2019,2-33-42-47-48,01.02.2022,Y-8-2-8-Q
20.09.2019,8-21-25-38-50,04.08.2022,M-6-1-9-S
17.09.2019,22-37-43-44-45,01.12.2022,G-9-8-7-N
13.09.2019,1-12-27-42-47,06.07.2022,U-2-8-9-S
10.09.2019,3-22-25-30-49,03.06.2022,U-3-0-3-R
06.09.2019,10-13-22-40-48,02.05.2022,J-5-2-9-F
03.09.2019,7-11-38-39-44,07.10.2022,T-4-0-3-G
30.08.2019,25-27-45-46-49,04.06.2022,O-9-2-9-G
27.08.2019,8-26-35-43-47,01.09.2022,H-9-2-3-H
23.08.2019,4-17-35-42-45,02.08.2022,T-6-4-6-Z
20.08.2019,20-22-23-24-37,01.04.2022,B-3-7-5-J
16.08.2019,9-10-27-37-42,01.05.2022,C-6-9-7-U
13.08.2019,13-29-31-33-40,02.03.2022,X-1-2-2-R
09.08.2019,2-14-35-41-42,10.11.2022,L-3-8-5-A
06.08.2019,12-13-29-36-38,04.12.2022,G-4-9-8-K
02.08.2019,13-22-33-44-50,02.05.2022,A-6-4-0-W
30.07.2019,15-20-23-27-40,03.06.2022,G-4-2-6-U
26.07.2019,2-5-27-37-42,03.10.2022,P-4-5-9-E
23.07.2019,1-14-19-23-38,03.07.2022,O-7-2-6-R
19.07.2019,13-14-17-26-28,02.07.2022,I-5-9-4-X
16.07.2019,3-5-13-18-39,07.08.2022,V-1-9-5-F
12.07.2019,2-31-39-45-47,04.08.2022,P-5-0-8-O
09.07.2019,7-29-32-36-41,06.07.2022,O-5-2-4-T
05.07.2019,2-9-20-34-42,06.09.2022,U-5-7-9-L
02.07.2019,11-19-29-44-45,08.12.2022,J-1-7-8-Z
28.06.2019,1-3-16-33-49,02.11.2022,O-7-7-6-W
25.06.2019,6-26-27-34-46,01.09.2022,V-2-3-9-Z
21.06.2019,5-8-9-25-39,03.07.2022,X-2-8-6-C
18.06.2019,12-24-37-40-44,03.07.2022,G-7-7-7-Z
14.06.2019,1-13-30-31-39,02.07.2022,X-6-4-5-W
11.06.2019,25-27-39-42-46,11.12.2022,E-7-6-2-M
07.06.2019,1-4-16-20-34,02.05.2022,D-4-1-8-X
04.06.2019,9-31-32-39-41,02.08.2022,E-8-4-2-T
31.05.2019,1-23-24-26-35,01.11.2022,D-7-8-7-D
28.05.2019,7-19-20-28-29,01.05.2022,R-3-4-8-D
24.05.2019,5-16-23-30-49,06.07.2022,Q-2-9-8-P
21.05.2019,32-33-34-39-47,08.12.2022,R-2-0-7-T
17.05.2019,16-28-42-43-45,06.07.2022,Z-9-7-5-Z
14.05.2019,10-14-17-25-50,02.10.2022,E-2-2-1-U
10.05.2019,1-4-27-45-48,01.07.2022,B-9-9-7-F
07.05.2019,7-20-26-32-47,02.11.2022,K-3-3-9-D
03.05.2019,2-9-20-27-43,05.06.2022,G-1-3-7-J
30.04.2019,5-12-20-26-48,02.11.2022,N-5-1-9-N
26.04.2019,14-33-35-47-50,09.11.2022,W-7-3-6-K
23.04.2019,18-23-27-42-44,02.07.2022,K-2-7-6-P
19.04.2019,7-8-32-41-49,05.11.2022,Y-2-6-9-Y
16.04.2019,1-8-15-44-49,02.11.2022,N-9-4-0-T
12.04.2019,1-28-35-36-46,06.09.2022,E-7-2-8-T
09.04.2019,18-21-29-38-41,01.11.2022,Q-5-9-8-L
05.04.2019,1-7-10-29-45,03.05.2022,M-1-4-0-U
02.04.2019,2-9-16-26-36,06.07.2022,V-3-2-2-G
29.03.2019,13-23-26-32-47,06.10.2022,G-1-4-8-G
26.03.2019,12-19-23-43-47,02.06.2022,H-4-6-4-G
22.03.2019,4-17-26-30-43,06.11.2022,E-2-5-8-Z
19.03.2019,1-6-9-34-47,07.12.2022,F-3-8-9-W
15.03.2019,3-15-24-42-46,09.12.2022,U-5-8-3-B
12.03.2019,5-7-13-19-31,02.09.2022,A-1-7-2-H
08.03.2019,17-18-19-24-40,04.08.2022,L-6-6-6-M
05.03.2019,6-10-16-39-46,08.11.2022,D-4-8-7-H
01.03.2019,6-9-19-26-31,11.12.2022,B-6-6-3-R
26.02.2019,3-15-29-35-47,03.04.2022,Q-4-4-6-V
22.02.2019,3-27-29-33-50,03.07.2022,Q-2-3-5-V
19.02.2019,1-8-18-19-39,07.09.2022,L-4-7-2-X
15.02.2019,15-27-34-38-49,02.10.2022,M-0-8-9-Q
12.02.2019,6-34-36-41-50,01.05.2022,A-9-8-6-Z
08.02.2019,11-12-13-39-46,07.10.2022,F-9-9-0-P
05.02.2019,14-25-31-37-43,02.03.2022,F-0-5-7-P
01.02.2019,3-21-26-41-46,01.06.2022,E-9-0-8-L
29.01.2019,14-24-26-32-39,03.08.2022,G-2-6-0-O
25.01.2019,1-6-13-15-16,06.10.2022,F-5-2-2-M
22.01.2019,9-23-29-41-49,08.10.2022,J-6-7-3-W
18.01.2019,5-6-16-30-46,05.10.2022,W-7-3-0-D
15.01.2019,22-25-29-33-35,03.06.2022,F-8-8-5-B
11.01.2019,1-19-31-39-48,01.06.2022,G-4-2-4-W
08.01.2019,3-19-22-31-32,02.11.2022,F-1-2-3-H
04.01.2019,7-11-19-27-37,06.10.2022,X-8-9-0-I
01.01.2019,1-8-11-25-28,04.06.2022,B-0-5-1-W
28.12.2018,13-16-34-35-45,10.12.2022,D-0-4-4-O
25.12.2018,4-5-8-31-43,02.09.2022,L-8-0-5-E
21.12.2018,2-12-15-34-50,03.04.2022,K-2-6-6-K
18.12.2018,1-9-18-39-48,05.07.2022,Q-6-4-4-L
14.12.2018,12-29-38-42-44,02.12.2022,K-3-3-4-Z
11.12.2018,4-7-13-23-42,01.03.2022,R-6-8-3-N
07.12.2018,11-17-26-37-48,01.10.2022,Z-3-3-2-U
04.12.2018,19-20-21-42-45,08.09.2022,G-5-8-3-U
30.11.2018,3-10-12-23-26,01.12.2022,T-4-3-1-M
27.11.2018,4-16-17-18-32,02.11.2022,O-8-7-4-K
23.11.2018,5-8-25-26-30,03.10.2022,E-9-3-2-Z
20.11.2018,6-19-39-45-48,07.12.2022,S-5-2-3-G
16.11.2018,9-10-13-28-41,01.12.2022,T-1-0-7-Z
13.11.2018,2-7-10-13-42,03.06.2022,X-4-8-0-W
09.11.2018,14-17-32-37-49,11.12.2022,N-2-9-3-X
06.11.2018,14-24-36-40-43,02.09.2022,G-5-9-7-G
02.11.2018,5-15-17-37-44,07.11.2022,I-0-9-5-W
30.10.2018,17-23-27-43-44,01.12.2022,I-3-4-9-E
26.10.2018,5-18-21-31-35,06.09.2022,J-2-6-9-J
23.10.2018,1-2-5-21-32,02.12.2022,D-0-9-6-U
19.10.2018,1-3-29-47-48,03.12.2022,G-2-0-1-J
16.10.2018,15-28-37-40-42,01.06.2022,L-3-5-2-V
12.10.2018,4-9-12-31-43,05.08.2022,L-9-3-0-K
09.10.2018,3-12-36-44-45,08.11.2022,B-7-8-3-K
05.10.2018,8-16-24-26-35,03.11.2022,W-1-6-7-M
02.10.2018,7-17-29-37-45,03.11.2022,P-9-7-8-Z
28.09.2018,2-4-8-27-50,02.09.2022,D-3-6-1-W
25.09.2018,6-15-20-30-38,04.07.2022,L-7-4-2-U
21.09.2018,5-7-21-25-37,03.04.2022,J-7-1-1-Q
18.09.2018,3-8-10-32-45,04.12.2022,G-9-7-5-R
14.09.2018,1-3-33-40-45,03.04.2022,Z-3-4-9-N
11.09.2018,9-18-32-38-46,02.03.2022,Z-2-7-2-H
07.09.2018,4-23-27-31-50,01.08.2022,L-9-2-7-Z
04.09.2018,5-14-28-30-47,04.11.2022,Q-4-7-1-L
31.08.2018,4-30-31-38-42,04.06.2022,I-0-7-6-D
28.08.2018,4-16-32-42-46,08.12.2022,O-8-7-9-D
24.08.2018,3-14-31-36-50,01.12.2022,K-1-7-5-Z
21.08.2018,16-23-42-43-49,10.12.2022,Q-6-6-7-R
17.08.2018,2-15-18-24-43,08.12.2022,U-5-8-9-X
14.08.2018,1-15-18-25-31,09.11.2022,Y-1-2-1-W
10.08.2018,18-20-36-43-44,03.09.2022,U-5-6-7-V
07.08.2018,16-28-29-30-36,08.10.2022,K-7-5-6-U
03.08.2018,7-26-36-38-43,06.12.2022,O-6-8-6-R
31.07.2018,20-25-34-42-45,06.11.2022,A-0-1-3-H
27.07.2018,11-17-22-23-41,06.11.2022,G-4-1-4-Z
24.07.2018,2-4-23-39-40,03.09.2022,F-7-1-3-Q
20.07.2018,2-15-40-43-46,03.06.2022,M-3-2-9-D
17.07.2018,4-6-27-48-50,01.11.2022,D-4-1-0-N
13.07.2018,1-4-14-21-49,02.12.2022,Q-7-6-0-L
10.07.2018,3-8-26-33-45,07.10.2022,U-9-9-6-E
06.07.2018,8-30-33-38-48,02.10.2022,J-7-2-7-R
03.07.2018,1-12-15-29-48,03.05.2022,Q-4-5-5-A
29.06.2018,15-21-23-40-48,03.12.2022,V-2-0-2-Q
26.06.2018,15-16-20-34-50,04.07.2022,I-0-9-5-N
22.06.2018,14-25-39-41-44,02.08.2022,A-6-6-2-C
19.06.2018,7-19-26-42-50,04.09.2022,L-4-2-5-R
15.06.2018,23-26-33-38-49,01.12.2022,W-6-3-7-H
12.06.2018,7-21-23-36-38,06.08.2022,G-0-5-2-B
08.06.2018,8-19-32-43-46,02.08.2022,M-4-6-2-N
05.06.2018,9-15-22-39-46,04.05.2022,N-9-9-1-S
01.06.2018,17-18-24-29-40,04.05.2022,H-2-3-2-B
29.05.2018,6-11-20-38-43,02.04.2022,X-8-4-2-V
25.05.2018,13-15-16-28-41,04.05.2022,C-1-6-6-Q
22.05.2018,1-11-37-41-48,08.12.2022,L-6-0-3-I
18.05.2018,5-8-10-13-31,03.06.2022,Z-1-3-3-I
15.05.2018,4-16-20-31-39,02.12.2022,I-8-6-8-O
11.05.2018,3-22-34-49-50,08.11.2022,H-4-0-6-S
08.05.2018,17-25-35-39-44,02.05.2022,Y-4-2-7-L
04.05.2018,6-12-23-39-45,09.12.2022,P-2-4-4-P
01.05.2018,6-15-17-42-48,04.06.2022,O-3-5-4-I
27.04.2018,12-24-40-41-46,05.12.2022,S-4-0-5-R
24.04.2018,20-23-28-30-44,03.07.2022,P-7-7-1-J
20.04.2018,3-16-25-39-44,07.11.2022,M-9-5-2-E
17.04.2018,15-27-33-39-50,04.06.2022,M-1-4-9-R
13.04.2018,5-25-34-48-50,06.07.2022,O-5-1-4-T
10.04.2018,14-27-39-46-48,11.12.2022,B-2-6-3-W
06.04.2018,1-29-33-45-47,04.08.2022,U-3-3-6-O
03.04.2018,3-8-16-40-43,05.08.2022,S-5-1-5-B
30.03.2018,12-17-28-35-47,07.11.2022,G-1-9-8-O
27.03.2018,17-20-23-40-46,09.10.2022,X-1-2-3-N
23.03.2018,5-7-11-46-50,08.11.2022,C-8-0-0-K
20.03.2018,26-29-37-39-44,09.11.2022,F-2-6-9-K
16.03.2018,4-17-24-27-31,10.11.2022,J-7-4-8-M
13.03.2018,9-11-13-33-49,06.12.2022,S-1-0-4-W
09.03.2018,9-14-21-32-44,01.12.2022,L-2-6-9-U
06.03.2018,15-20-26-31-44,02.09.2022,T-4-5-7-L
02.03.2018,2-7-34-45-48,01.12.2022,B-4-2-9-A
27.02.2018,3-31-41-48-50,08.11.2022,V-6-6-3-N
23.02.2018,10-17-18-28-47,03.07.2022,C-5-8-2-C
20.02.2018,6-14-19-25-29,05.11.2022,J-8-7-3-R
16.02.2018,10-12-23-32-50,04.10.2022,V-2-3-9-M
13.02.2018,10-13-17-21-44,01.10.2022,T-6-9-5-G
09.02.2018,22-31-36-38-44,01.11.2022,E-3-9-9-Z
06.02.2018,8-17-28-34-38,06.12.2022,I-2-4-9-E
02.02.2018,14-34-36-39-48,02.03.2022,L-3-5-3-R
30.01.2018,11-15-21-27-35,04.05.2022,O-4-6-9-Z
26.01.2018,6-15-24-28-48,04.09.2022,I-5-0-9-C
23.01.2018,5-8-9-23-24,07.08.2022,U-4-0-2-P
19.01.2018,3-8-17-44-50,02.07.2022,P-0-4-2-N
16.01.2018,20-23-31-34-46,03.12.2022,Y-0-4-3-X
12.01.2018,13-21-23-30-45,04.06.2022,K-6-0-1-I
09.01.2018,6-12-15-38-49,02.09.2022,J-0-7-0-M
05.01.2018,2-5-20-38-41,04.08.2022,A-0-8-6-W
02.01.2018,10-20-21-28-48,01.08.2022,K-8-4-7-Y
29.12.2017,4-8-22-23-48,01.12.2022,R-0-2-7-M
26.12.2017,4-17-30-43-44,02.10.2022,O-6-3-5-U
22.12.2017,5-24-30-31-43,03.06.2022,P-6-9-9-G
19.12.2017,8-15-30-38-46,04.07.2022,G-5-2-4-U
15.12.2017,25-30-31-42-50,02.11.2022,P-4-9-5-P
12.12.2017,20-37-39-44-50,04.08.2022,N-0-5-3-C
08.12.2017,4-22-30-32-34,03.04.2022,K-3-9-0-U
05.12.2017,11-36-43-44-48,02.07.2022,A-3-3-2-E
01.12.2017,5-24-29-35-46,11.12.2022,I-8-5-2-C
28.11.2017,1-6-12-18-42,02.07.2022,T-7-1-2-T
24.11.2017,19-24-28-30-50,03.10.2022,Q-5-1-9-W
21.11.2017,2-10-14-28-31,05.07.2022,C-1-4-4-E
17.11.2017,20-26-35-36-42,05.12.2022,B-5-6-7-J
14.11.2017,14-16-39-40-41,08.10.2022,B-8-7-2-J
10.11.2017,13-22-29-36-37,01.09.2022,E-7-5-6-D
07.11.2017,7-19-20-37-41,02.12.2022,Y-7-0-1-Q
03.11.2017,5-12-17-33-41,04.09.2022,V-4-6-3-K
31.10.2017,1-12-36-43-46,03.05.2022,P-4-4-3-V
27.10.2017,3-16-23-32-39,01.04.2022,K-8-1-2-M
24.10.2017,9-11-13-27-33,07.10.2022,P-4-4-3-W
20.10.2017,4-17-23-27-30,03.08.2022,A-7-8-0-T
17.10.2017,13-17-19-26-36,02.03.2022,Y-2-2-5-O
13.10.2017,23-29-37-45-50,05.11.2022,R-4-5-0-K
10.10.2017,4-21-34-36-37,03.06.2022,N-3-2-0-I
06.10.2017,1-9-15-19-25,01.07.2022,P-6-4-1-U
03.10.2017,6-24-32-48-50,01.05.2022,O-2-8-6-H
29.09.2017,7-18-19-32-48,03.07.2022,A-3-6-3-O
26.09.2017,1-29-40-41-48,06.12.2022,B-2-9-7-Y
22.09.2017,6-11-31-39-42,01.03.2022,G-4-5-1-R
19.09.2017,1-8-21-30-45,02.03.2022,Q-1-4-5-S
15.09.2017,13-18-37-44-49,09.12.2022,A-1-4-3-F
12.09.2017,10-17-27-29-35,04.11.2022,M-6-7-9-Q
08.09.2017,9-24-42-47-49,01.05.2022,Y-0-0-8-O
05.09.2017,6-9-18-28-29,01.09.2022,F-0-7-0-C
01.09.2017,3-7-8-14-49,05.08.2022,Q-5-4-7-A
29.08.2017,4-12-15-32-38,01.05.2022,E-1-2-0-A
25.08.2017,1-5-7-15-47,09.12.2022,C-0-0-0-M
22.08.2017,3-10-12-17-27,03.05.2022,P-7-3-9-R
18.08.2017,2-24-39-42-45,02.08.2022,L-3-7-5-N
15.08.2017,10-14-30-35-46,04.10.2022,C-8-2-2-H
11.08.2017,18-28-39-46-48,05.12.2022,W-9-6-9-F
08.08.2017,15-25-26-40-41,04.05.2022,N-0-2-5-G
04.08.2017,29-30-36-40-41,02.09.2022,N-8-3-0-H
01.08.2017,14-21-24-29-30,08.10.2022,K-6-2-4-U
28.07.2017,5-9-29-31-41,02.04.2022,B-7-8-3-U
25.07.2017,12-14-43-44-48,02.11.2022,C-5-6-2-Q
21.07.2017,1-8-9-26-49,05.09.2022,B-1-2-3-Z
18.07.2017,1-25-27-41-45,05.07.2022,C-8-8-3-B
14.07.2017,11-14-20-21-47,07.10.2022,J-9-4-0-G
11.07.2017,14-22-26-42-50,08.10.2022,O-2-0-1-H
07.07.2017,11-20-35-37-45,03.06.2022,N-5-1-2-K
04.07.2017,10-22-25-37-49,05.08.2022,N-3-8-7-N
30.06.2017,17-35-39-47-50,06.08.2022,N-6-6-7-K
27.06.2017,9-17-21-28-45,01.03.2022,A-0-5-2-J
23.06.2017,3-4-21-31-38,03.07.2022,H-9-9-3-E
20.06.2017,11-18-26-43-44,08.10.2022,U-7-4-4-T
16.06.2017,15-17-38-41-42,09.12.2022,E-2-6-0-Z
13.06.2017,3-12-22-27-49,04.11.2022,E-3-6-3-I
09.06.2017,9-20-27-39-43,10.11.2022,Q-0-0-2-D
06.06.2017,20-22-25-37-40,03.07.2022,H-2-1-5-D
02.06.2017,8-10-24-33-42,03.09.2022,P-3-1-9-O
30.05.2017,7-12-27-38-48,06.09.2022,Y-0-5-7-P
26.05.2017,5-7-26-36-39,02.10.2022,X-5-9-5-Q
23.05.2017,8-15-25-27-42,01.04.2022,O-4-5-2-Q
19.05.2017,9-11-12-19-30,04.09.2022,G-0-6-2-D
16.05.2017,8-11-15-20-30,03.08.2022,C-7-6-9-R
12.05.2017,2-20-28-29-44,03.09.2022,B-9-1-1-M
09.05.2017,8-12-16-22-26,06.07.2022,K-9-4-7-X
05.05.2017,3-7-30-35-43,01.03.2022,R-3-4-1-T
02.05.2017,6-19-23-25-27,11.12.2022,R-9-2-0-B
28.04.2017,14-20-25-30-39,02.08.2022,X-8-2-3-F
25.04.2017,9-11-19-32-43,03.09.2022,U-9-5-8-N
21.04.2017,2-13-16-22-49,04.05.2022,C-4-7-3-C
18.04.2017,17-22-31-38-45,05.12.2022,M-2-3-2-A
14.04.2017,4-14-20-23-33,06.10.2022,F-9-3-6-U
11.04.2017,5-21-22-31-49,02.08.2022,B-6-4-2-E
07.04.2017,2-10-19-35-50,06.07.2022,G-0-4-5-K
04.04.2017,1-9-24-33-34,02.06.2022,B-2-3-2-B
31.03.2017,17-24-26-28-45,04.12.2022,I-9-0-1-P
28.03.2017,9-13-31-33-46,06.10.2022,U-1-4-8-L
24.03.2017,2-17-21-27-34,05.09.2022,E-7-2-4-F
21.03.2017,1-20-23-44-47,04.11.2022,D-9-6-9-Q
17.03.2017,6-10-19-29-36,03.09.2022,A-4-7-9-U
14.03.2017,3-5-21-36-44,03.06.2022,T-5-1-2-Y
10.03.2017,31-36-38-47-49,08.11.2022,Z-8-1-2-L
07.03.2017,6-37-41-48-50,04.05.2022,R-6-8-9-U
03.03.2017,2-11-29-30-47,01.12.2022,C-1-6-9-H
28.02.2017,10-20-31-35-42,02.12.2022,V-8-7-2-F
24.02.2017,2-4-13-22-43,08.09.2022,R-8-4-9-U
21.02.2017,13-19-41-45-49,03.04.2022,B-4-1-0-H
17.02.2017,19-25-33-36-48,02.09.2022,S-3-1-6-P
14.02.2017,2-10-24-40-44,03.10.2022,W-6-0-6-R
10.02.2017,7-21-26-35-43,02.09.2022,V-4-3-5-E
07.02.2017,4-10-31-38-44,08.10.2022,C-5-6-0-Q
03.02.2017,3-4-15-46-50,05.09.2022,F-5-8-2-S
31.01.2017,3-4-17-23-44,06.09.2022,G-4-2-4-S
27.01.2017,17-20-28-45-48,05.09.2022,R-7-0-1-W
24.01.2017,1-5-7-17-23,03.08.2022,F-4-8-5-V
20.01.2017,10-17-27-31-49,03.05.2022,J-2-5-3-W
17.01.2017,4-16-25-43-47,02.10.2022,X-2-8-7-B
13.01.2017,3-7-16-26-50,04.07.2022,W-0-2-0-M
10.01.2017,2-11-29-35-44,04.09.2022,P-0-8-7-L
06.01.2017,10-14-18-21-49,09.11.2022,C-9-1-4-D
03.01.2017,19-23-27-34-49,01.11.2022,V-0-8-4-E
30.12.2016,8-10-22-29-47,01.03.2022,O-1-7-5-M
27.12.2016,3-22-25-32-39,07.12.2022,B-2-4-3-H
23.12.2016,4-16-20-39-46,02.05.2022,E-0-4-7-L
20.12.2016,13-15-17-21-27,02.03.2022,G-2-0-3-M
16.12.2016,6-10-30-41-45,04.11.2022,U-2-5-3-M
13.12.2016,14-28-29-48-50,02.08.2022,V-2-1-9-D
09.12.2016,6-12-28-37-40,01.05.2022,B-9-1-0-U
06.12.2016,1-7-11-27-45,04.09.2022,J-2-8-3-C
02.12.2016,6-11-23-31-32,02.12.2022,X-2-4-0-L
29.11.2016,21-26-27-28-38,09.11.2022,Z-2-1-9-F
25.11.2016,5-11-17-23-28,10.11.2022,U-9-9-1-C
22.11.2016,5-10-33-34-47,02.10.2022,Q-5-5-1-B
18.11.2016,3-12-27-32-47,06.08.2022,R-3-7-2-L
15.11.2016,7-15-36-42-48,03.07.2022,O-3-2-3-J
11.11.2016,3-22-23-38-49,02.09.2022,E-4-0-9-T
08.11.2016,5-9-47-49-50,08.09.2022,D-2-7-8-N
04.11.2016,7-11-12-44-48,03.07.2022,K-0-3-5-C
01.11.2016,6-10-20-29-37,01.09.2022,E-7-4-1-Q
28.10.2016,10-16-19-23-43,02.08.2022,H-9-8-3-O
25.10.2016,3-15-20-21-28,01.05.2022,A-2-7-8-L
21.10.2016,9-20-23-44-48,08.10.2022,E-7-4-2-I
18.10.2016,2-17-21-25-27,06.09.2022,Z-9-6-0-Z
14.10.2016,7-13-19-31-34,01.11.2022,B-6-1-8-I
11.10.2016,5-12-20-24-37,04.11.2022,I-0-6-9-T
07.10.2016,2-12-20-27-30,09.11.2022,L-5-5-0-Z
04.10.2016,4-7-14-34-38,04.11.2022,V-2-8-0-D
30.09.2016,17-35-37-43-44,02.10.2022,M-5-6-5-U
27.09.2016,6-9-13-39-41,02.12.2022,V-7-4-5-J
23.09.2016,14-16-39-42-49,03.09.2022,Z-0-6-4-J
20.09.2016,1-4-10-41-45,06.09.2022,M-1-3-5-N
16.09.2016,5-8-14-22-32,02.11.2022,G-4-4-7-N
13.09.2016,4-7-16-35-44,01.03.2022,S-1-1-6-X
09.09.2016,4-11-15-17-28,01.03.2022,A-3-0-3-E
06.09.2016,12-24-30-34-45,07.10.2022,V-6-6-3-P
02.09.2016,8-16-32-40-50,02.11.2022,A-4-8-0-O
30.08.2016,13-16-29-35-42,06.08.2022,J-3-3-4-V
26.08.2016,1-9-28-30-48,07.08.2022,G-5-8-6-C
23.08.2016,2-23-31-37-45,04.08.2022,B-5-7-9-Q
19.08.2016,5-6-22-25-34,05.07.2022,B-3-1-6-D
16.08.2016,2-26-34-37-46,04.08.2022,C-4-8-4-I
12.08.2016,2-15-28-36-50,02.11.2022,P-8-1-3-O
09.08.2016,12-19-43-44-45,05.10.2022,P-4-8-7-Q
05.08.2016,16-19-24-35-37,02.07.2022,Z-1-2-3-J
02.08.2016,2-8-27-38-46,02.06.2022,X-4-3-6-N
29.07.2016,1-21-26-40-50,02.04.2022,L-1-7-1-K
26.07.2016,3-10-13-45-49,02.11.2022,T-6-3-4-J
22.07.2016,7-24-26-37-45,05.09.2022,U-6-6-0-L
19.07.2016,19-24-28-36-37,03.06.2022,T-5-5-0-G
15.07.2016,2-11-13-14-21,01.08.2022,Q-9-6-2-B
12.07.2016,3-7-26-33-41,02.10.2022,A-4-0-0-M
08.07.2016,8-12-18-33-44,04.08.2022,N-7-8-0-X
05.07.2016,1-10-29-38-48,03.04.2022,S-0-2-9-U
01.07.2016,2-11-13-40-50,01.10.2022,D-6-6-4-K
28.06.2016,26-32-37-43-49,04.05.2022,X-1-3-0-K
24.06.2016,11-19-27-28-39,03.10.2022,Y-2-4-9-Z
21.06.2016,5-17-32-35-49,01.05.2022,I-1-1-2-B
17.06.2016,1-7-18-27-43,04.08.2022,N-1-4-7-S
14.06.2016,13-34-39-42-50,09.11.2022,P-0-6-9-Z
10.06.2016,14-21-35-42-43,07.09.2022,H-0-1-7-E
07.06.2016,19-26-35-45-49,02.05.2022,U-5-0-8-L
03.06.2016,7-23-31-33-39,06.10.2022,L-6-8-7-D
31.05.2016,6-12-26-30-48,06.07.2022,F-2-2-3-O
27.05.2016,13-25-27-43-46,04.08.2022,U-3-1-1-C
24.05.2016,16-17-23-34-37,06.09.2022,S-6-2-1-M
20.05.2016,9-14-30-41-45,04.09.2022,J-9-0-6-I
17.05.2016,15-27-32-36-39,03.10.2022,Z-3-1-3-K
13.05.2016,7-15-28-31-42,10.11.2022,N-1-3-4-K
10.05.2016,2-26-27-40-49,05.10.2022,L-3-7-4-Y
06.05.2016,32-34-40-45-48,01.10.2022,I-6-8-1-G
03.05.2016,8-23-24-34-38,03.07.2022,T-0-8-5-W
29.04.2016,4-5-25-28-43,06.11.2022,U-5-7-3-D
26.04.2016,10-17-31-32-42,02.05.2022,G-4-7-5-I
22.04.2016,17-26-32-34-43,02.10.2022,E-0-6-5-O
19.04.2016,11-14-15-27-44,02.07.2022,G-7-8-3-C
15.04.2016,13-14-32-37-48,01.07.2022,R-5-6-9-I
12.04.2016,1-5-9-22-38,02.10.2022,P-5-3-5-U
08.04.2016,6-8-26-43-49,06.10.2022,W-3-5-9-I
05.04.2016,3-5-9-19-40,02.05.2022,M-5-1-3-U
01.04.2016,2-16-23-25-49,06.09.2022,Y-1-2-5-G
29.03.2016,1-4-19-25-36,03.11.2022,L-4-4-6-N
25.03.2016,12-19-36-42-43,05.08.2022,V-6-6-6-K
22.03.2016,12-15-26-42-49,05.08.2022,W-1-0-2-E
18.03.2016,14-19-21-24-49,05.11.2022,D-7-6-8-V
15.03.2016,5-7-10-34-44,02.10.2022,P-8-6-7-T
11.03.2016,1-21-26-40-43,06.09.2022,R-3-3-9-B
08.03.2016,1-8-9-14-23,01.07.2022,J-6-6-6-X
04.03.2016,9-14-16-23-40,01.05.2022,Q-5-3-8-W
01.03.2016,4-7-13-28-37,10.11.2022,J-4-7-3-W
26.02.2016,5-13-15-33-50,09.11.2022,S-1-0-0-K
23.02.2016,23-25-32-37-42,01.11.2022,A-9-9-9-W
19.02.2016,13-14-30-32-39,03.09.2022,E-6-5-4-T
16.02.2016,3-10-22-37-50,06.10.2022,V-7-6-8-O
12.02.2016,3-20-28-31-49,02.05.2022,I-4-1-1-G
09.02.2016,6-9-13-28-37,04.05.2022,O-7-2-0-A
05.02.2016,3-27-32-41-46,04.08.2022,J-7-5-5-I
02.02.2016,6-9-10-21-36,02.06.2022,M-5-1-7-Y
29.01.2016,1-5-23-29-32,01.07.2022,Z-8-2-5-C
26.01.2016,15-24-38-40-48,02.09.2022,O-6-8-2-E
22.01.2016,10-12-27-30-47,08.09.2022,I-1-7-4-J
19.01.2016,2-30-38-43-46,02.07.2022,X-7-7-6-D
15.01.2016,10-19-38-43-46,01.11.2022,G-9-2-6-M
12.01.2016,1-2-10-30-44,01.08.2022,C-3-1-1-O
08.01.2016,5-26-33-35-40,03.08.2022,S-8-5-1-Z
05.01.2016,6-10-31-36-39,06.10.2022,X-2-1-7-X
01.01.2016,4-37-38-39-44,04.07.2022,Y-3-1-5-V
29.12.2015,5-20-31-32-36,06.07.2022,S-4-7-5-E
25.12.2015,3-10-25-27-40,03.09.2022,B-9-9-6-Q
22.12.2015,18-19-20-40-41,07.10.2022,E-8-9-0-Z
18.12.2015,6-22-26-29-48,05.06.2022,Q-6-8-7-I
15.12.2015,8-11-23-27-35,04.11.2022,F-2-5-2-Z
11.12.2015,3-5-21-40-43,06.11.2022,O-2-0-4-S
08.12.2015,12-17-29-38-48,09.11.2022,B-6-7-8-U
04.12.2015,8-17-18-27-39,01.07.2022,H-1-1-9-U
01.12.2015,2-15-25-35-45,08.10.2022,V-9-5-8-L
27.11.2015,16-29-30-37-50,06.08.2022,K-5-7-1-V
24.11.2015,9-14-16-17-26,10.11.2022,N-6-1-4-A
20.11.2015,4-30-34-46-49,07.08.2022,A-2-6-4-V
17.11.2015,6-7-23-37-38,10.11.2022,N-9-9-9-M
13.11.2015,10-17-18-33-40,02.08.2022,V-6-1-4-B
10.11.2015,6-13-18-39-43,02.08.2022,E-6-9-1-B
06.11.2015,3-17-26-38-40,04.10.2022,F-9-5-6-H
03.11.2015,8-27-39-46-49,02.06.2022,J-1-8-0-X
30.10.2015,8-13-17-21-34,06.07.2022,H-6-5-3-T
27.10.2015,11-12-20-25-36,06.09.2022,K-7-6-1-F
23.10.2015,7-25-30-32-39,02.08.2022,K-5-6-0-I
20.10.2015,17-19-21-30-45,08.10.2022,P-8-5-9-V
16.10.2015,7-28-29-43-48,03.10.2022,W-6-0-5-C
13.10.2015,12-15-26-29-47,03.11.2022,Z-2-6-8-X
09.10.2015,1-40-42-43-47,09.11.2022,O-7-9-4-H
06.10.2015,11-20-22-29-32,01.08.2022,D-8-0-7-D
02.10.2015,7-18-21-32-35,02.11.2022,J-6-5-6-W
29.09.2015,11-14-26-29-49,03.09.2022,A-2-5-8-I
25.09.2015,13-14-23-30-37,02.08.2022,G-7-1-7-S
22.09.2015,14-23-26-27-29,07.10.2022,W-6-8-0-V
18.09.2015,7-29-33-34-39,07.08.2022,A-5-4-7-H
15.09.2015,8-15-17-44-49,05.08.2022,Q-1-2-0-Q
11.09.2015,10-18-19-29-50,01.09.2022,W-4-1-5-M
08.09.2015,14-16-39-40-42,01.04.2022,W-6-3-5-E
04.09.2015,8-9-27-45-50,08.10.2022,T-5-3-0-M
01.09.2015,6-19-21-27-45,01.08.2022,Y-1-1-2-K
28.08.2015,11-29-30-31-34,04.07.2022,P-3-2-5-W
25.08.2015,27-31-33-42-50,02.05.2022,S-9-5-7-E
21.08.2015,4-16-18-43-47,06.10.2022,L-4-4-9-H
18.08.2015,7-10-11-12-19,02.09.2022,V-5-0-5-W
14.08.2015,4-7-39-44-45,03.05.2022,W-7-2-1-Q
11.08.2015,2-3-8-15-16,04.11.2022,A-6-2-5-R
07.08.2015,1-5-21-39-44,04.11.2022,T-6-7-4-N
04.08.2015,10-15-39-45-50,09.10.2022,Z-9-0-1-J
31.07.2015,16-21-34-40-50,06.09.2022,U-6-8-1-U
28.07.2015,23-32-36-43-49,07.08.2022,U-6-9-3-F
24.07.2015,2-9-21-35-46,02.11.2022,H-1-8-5-H
21.07.2015,14-20-27-29-44,07.10.2022,M-0-1-7-Z
17.07.2015,1-21-22-43-48,07.09.2022,Y-1-7-1-F
14.07.2015,6-18-19-34-36,01.08.2022,V-0-6-3-G
10.07.2015,5-8-15-35-41,04.05.2022,L-6-6-5-H
07.07.2015,6-7-18-33-41,03.10.2022,L-8-1-0-G
03.07.2015,11-12-15-18-44,03.09.2022,S-2-4-9-Y
30.06.2015,11-15-28-34-37,01.08.2022,U-5-2-0-W
26.06.2015,3-6-10-19-24,05.07.2022,F-2-4-3-U
23.06.2015,4-16-22-38-49,06.09.2022,U-0-1-3-I
19.06.2015,7-14-20-31-42,03.09.2022,T-5-2-5-S
16.06.2015,10-15-16-36-37,03.09.2022,L-7-6-6-C
12.06.2015,5-8-10-11-37,07.09.2022,Z-6-5-1-Y
09.06.2015,5-9-17-32-34,06.08.2022,E-1-3-6-S
05.06.2015,2-7-8-45-48,01.09.2022,X-6-9-0-G
02.06.2015,7-23-29-37-41,01.08.2022,M-3-4-6-E
29.05.2015,3-4-20-45-48,06.08.2022,Y-0-5-9-L
26.05.2015,5-6-7-21-24,05.06.2022,O-4-1-0-S
22.05.2015,18-24-35-44-45,05.11.2022,Q-2-0-6-N
19.05.2015,26-30-31-35-37,08.11.2022,R-8-9-1-H
15.05.2015,5-35-42-44-47,08.09.2022,K-4-1-9-U
12.05.2015,14-29-30-40-46,03.06.2022,S-3-2-5-N
08.05.2015,7-14-19-47-49,03.10.2022,P-0-0-0-K
05.05.2015,1-10-17-20-42,08.09.2022,Z-7-2-0-S
01.05.2015,3-19-20-25-26,06.10.2022,E-4-8-7-C
28.04.2015,24-26-28-36-45,07.10.2022,A-9-2-9-Q
24.04.2015,5-19-29-31-40,03.10.2022,X-6-1-7-Q
21.04.2015,6-14-17-42-45,01.08.2022,S-0-7-1-Z
17.04.2015,2-24-30-34-39,08.11.2022,T-0-8-5-N
14.04.2015,24-32-34-35-49,01.02.2022,R-0-2-6-Z
10.04.2015,22-23-25-30-43,05.09.2022,M-5-9-4-N
07.04.2015,18-25-39-44-50,05.08.2022,A-9-0-5-R
03.04.2015,27-29-37-39-49,02.04.2022,Y-5-6-8-Z
31.03.2015,8-20-24-28-49,08.09.2022,U-1-6-7-W
27.03.2015,2-30-32-39-44,06.10.2022,K-7-9-2-C
24.03.2015,10-24-26-39-40,03.10.2022,K-1-1-9-G
20.03.2015,3-14-37-42-48,01.10.2022,P-0-0-8-B
17.03.2015,11-23-26-38-44,01.08.2022,R-9-7-5-F
13.03.2015,4-5-18-22-23,01.03.2022,X-3-2-2-H
10.03.2015,2-6-23-30-31,02.10.2022,J-2-4-0-E
06.03.2015,23-30-47-49-50,02.07.2022,B-8-9-6-A
03.03.2015,6-8-11-13-21,07.08.2022,H-5-3-2-O
27.02.2015,5-14-17-25-47,09.10.2022,U-7-0-3-J
24.02.2015,3-25-28-34-50,01.11.2022,W-8-3-9-L
20.02.2015,4-10-14-37-46,04.07.2022,J-3-5-9-D
17.02.2015,2-5-18-30-43,01.10.2022,Z-7-5-5-B
13.02.2015,12-24-39-42-44,03.11.2022,Q-3-2-4-K
10.02.2015,13-17-20-30-45,09.10.2022,L-9-3-4-E
06.02.2015,10-26-30-39-50,07.08.2022,J-2-6-7-G
03.02.2015,17-31-33-44-50,07.11.2022,J-8-0-6-A
30.01.2015,9-13-15-19-24,03.08.2022,F-9-7-1-Q
27.01.2015,5-10-31-33-40,08.10.2022,S-4-1-3-Y
23.01.2015,6-29-30-38-45,01.08.2022,W-8-7-2-Y
20.01.2015,15-33-41-44-47,08.10.2022,E-7-7-5-R
16.01.2015,29-30-32-34-46,03.06.2022,W-6-8-0-J
13.01.2015,8-17-21-31-34,09.10.2022,X-2-3-2-O
09.01.2015,6-21-24-32-45,01.11.2022,E-3-1-4-R
06.01.2015,14-20-30-38-49,03.04.2022,D-3-5-4-J
02.01.2015,22-24-25-28-49,03.06.2022,E-8-2-6-A
30.12.2014,6-18-39-44-50,08.11.2022,H-9-6-6-L
26.12.2014,17-26-27-45-49,02.03.2022,S-7-5-2-U
23.12.2014,8-9-19-25-49,02.10.2022,F-4-4-3-L
19.12.2014,23-29-31-39-44,05.08.2022,F-5-2-8-F
16.12.2014,3-7-12-13-25,05.08.2022,T-9-9-9-J
12.12.2014,2-15-28-31-37,04.06.2022,U-2-5-6-S
09.12.2014,1-3-31-42-46,04.11.2022,J-8-8-7-I
05.12.2014,5-8-37-47-48,02.03.2022,D-9-5-4-C
02.12.2014,3-15-25-44-49,01.09.2022,B-7-9-3-F
28.11.2014,6-10-15-23-41,04.10.2022,A-9-9-7-R
25.11.2014,3-7-25-32-36,01.06.2022,W-4-9-6-V
21.11.2014,4-7-28-32-37,05.10.2022,L-3-7-8-Q
18.11.2014,2-3-17-36-38,04.11.2022,O-2-3-0-Y
14.11.2014,17-32-36-38-48,05.08.2022,E-8-4-4-Y
11.11.2014,2-14-21-36-46,07.11.2022,F-8-3-3-S
07.11.2014,13-25-32-38-46,01.10.2022,C-3-7-0-J
04.11.2014,1-6-13-17-26,03.05.2022,D-8-6-5-Z
31.10.2014,10-13-20-33-41,03.09.2022,S-5-6-5-J
28.10.2014,10-15-17-40-45,01.02.2022,K-5-3-5-E
24.10.2014,3-9-20-30-42,01.06.2022,P-9-3-0-P
21.10.2014,20-21-27-33-40,03.10.2022,F-0-5-2-G
17.10.2014,1-13-40-48-49,08.10.2022,O-9-8-6-L
14.10.2014,4-5-15-23-32,03.07.2022,F-8-8-0-R
10.10.2014,6-29-42-45-47,09.10.2022,Q-0-0-4-H
07.10.2014,9-21-28-30-38,01.08.2022,J-6-5-0-Z
03.10.2014,4-13-23-48-50,05.10.2022,E-3-9-3-Y
30.09.2014,3-13-15-33-42,05.07.2022,R-0-9-8-Y
26.09.2014,13-27-35-46-47,01.02.2022,M-6-2-9-K
23.09.2014,12-13-14-29-35,01.07.2022,H-4-5-0-U
19.09.2014,6-8-34-38-48,03.09.2022,K-4-8-2-U
16.09.2014,4-29-30-35-50,02.04.2022,S-8-7-8-A
12.09.2014,9-13-26-31-33,07.11.2022,G-3-4-5-W
09.09.2014,8-15-19-24-35,08.10.2022,V-4-7-9-B
05.09.2014,1-18-23-46-50,03.09.2022,A-0-8-0-P
02.09.2014,5-25-31-39-45,01.08.2022,U-0-7-0-C
29.08.2014,2-9-26-32-38,03.06.2022,X-0-2-6-T
26.08.2014,10-22-36-45-48,04.11.2022,B-1-8-9-I
22.08.2014,4-17-29-35-49,01.02.2022,L-2-7-2-S
19.08.2014,4-7-11-34-47,07.08.2022,P-4-8-2-L
15.08.2014,4-5-21-23-30,08.10.2022,F-7-3-6-Y
12.08.2014,7-16-19-22-33,02.05.2022,P-7-2-2-I
08.08.2014,21-29-35-43-46,01.09.2022,K-3-1-4-J
05.08.2014,5-7-19-21-42,05.11.2022,D-3-4-9-A
01.08.2014,24-44-46-48-50,05.10.2022,L-5-7-1-J
29.07.2014,10-23-35-40-43,03.09.2022,S-2-7-8-J
25.07.2014,9-10-12-24-43,05.09.2022,C-3-6-7-B
22.07.2014,1-24-43-45-50,05.08.2022,G-1-3-9-X
18.07.2014,1-11-29-41-43,03.11.2022,V-3-5-8-D
15.07.2014,15-18-20-27-34,01.03.2022,D-3-3-7-K
11.07.2014,5-22-35-38-49,04.07.2022,C-5-9-7-F
08.07.2014,8-18-22-24-27,04.11.2022,Y-1-9-9-F
04.07.2014,4-18-39-43-47,02.06.2022,K-2-4-6-A
01.07.2014,18-22-25-27-39,05.10.2022,B-4-1-0-P
27.06.2014,31-33-34-39-45,02.10.2022,A-8-7-3-K
24.06.2014,1-7-20-21-48,04.07.2022,U-9-9-7-M
20.06.2014,5-15-25-38-49,01.02.2022,Q-3-9-1-K
17.06.2014,11-13-37-40-48,08.09.2022,C-1-6-3-U
13.06.2014,16-18-22-28-46,09.11.2022,Z-2-8-2-H
10.06.2014,12-18-21-32-33,01.11.2022,B-9-8-4-Q
06.06.2014,7-25-34-40-49,09.11.2022,U-4-8-5-T
03.06.2014,2-15-32-39-44,05.10.2022,Y-4-0-4-B
30.05.2014,5-24-27-41-45,06.07.2022,Q-7-1-8-G
27.05.2014,7-13-16-25-26,01.06.2022,A-9-0-2-O
23.05.2014,3-8-31-34-47,09.11.2022,P-9-6-2-R
20.05.2014,5-33-36-38-47,04.09.2022,O-9-0-1-L
16.05.2014,23-26-29-37-40,03.04.2022,G-1-3-3-L
13.05.2014,4-13-30-34-47,02.06.2022,Y-8-5-6-G
09.05.2014,3-21-26-28-45,07.10.2022,I-9-5-2-U
06.05.2014,5-19-24-31-37,01.09.2022,Y-1-7-3-N
02.05.2014,4-30-31-38-42,02.11.2022,T-8-7-4-H
29.04.2014,18-23-26-35-44,03.11.2022,P-8-0-3-N
25.04.2014,13-21-24-44-49,01.09.2022,L-4-9-6-E
22.04.2014,13-15-20-24-46,01.08.2022,B-9-9-1-T
18.04.2014,21-24-31-39-47,03.07.2022,B-5-7-8-K
15.04.2014,3-14-26-47-50,07.11.2022,U-3-2-5-E
11.04.2014,8-12-19-30-33,04.11.2022,H-1-1-7-E
08.04.2014,11-18-29-42-49,04.11.2022,X-7-9-9-F
04.04.2014,6-10-28-45-50,10.11.2022,G-9-1-4-N
01.04.2014,16-18-26-38-44,08.10.2022,E-7-8-8-A
28.03.2014,3-4-19-28-43,03.07.2022,Z-5-1-6-N
25.03.2014,7-20-26-28-50,02.08.2022,E-2-7-3-B
21.03.2014,7-30-37-39-42,05.07.2022,K-0-5-7-N
18.03.2014,8-27-34-36-39,05.10.2022,I-7-6-6-N
14.03.2014,6-24-25-27-30,05.09.2022,D-7-6-6-I
11.03.2014,1-4-23-33-44,07.08.2022,B-0-6-5-D
07.03.2014,5-10-38-40-41,01.08.2022,N-6-6-8-L
04.03.2014,3-5-22-27-44,01.06.2022,W-4-0-6-T
28.02.2014,12-32-38-43-44,02.07.2022,G-6-2-0-E
25.02.2014,21-25-28-35-42,04.06.2022,C-0-2-6-Q
21.02.2014,13-17-28-30-32,05.07.2022,U-2-1-7-L
18.02.2014,23-26-36-37-49,06.07.2022,W-5-6-9-W
14.02.2014,2-4-6-19-39,02.07.2022,G-1-5-9-O
11.02.2014,8-17-25-41-47,01.02.2022,A-4-7-1-A
07.02.2014,3-17-19-46-47,09.10.2022,G-6-2-2-F
04.02.2014,1-21-33-37-38,04.08.2022,R-3-4-2-G
31.01.2014,8-10-15-16-31,08.09.2022,P-8-0-4-R
28.01.2014,18-20-23-42-48,02.09.2022,Z-3-7-9-T
24.01.2014,5-19-34-35-41,01.05.2022,N-3-7-6-J
21.01.2014,4-12-35-42-48,05.08.2022,V-2-2-1-G
17.01.2014,19-26-32-33-42,04.10.2022,T-8-8-1-V
14.01.2014,18-20-25-26-37,10.11.2022,O-1-8-3-L
10.01.2014,1-2-11-27-29,01.10.2022,W-0-3-3-J
07.01.2014,2-20-27-33-45,06.10.2022,T-8-4-0-D
03.01.2014,3-27-31-38-44,03.08.2022,K-2-3-0-P
31.12.2013,13-20-24-29-45,03.07.2022,S-8-1-8-T
27.12.2013,1-6-13-22-28,05.10.2022,E-3-4-7-G
24.12.2013,5-19-31-43-50,02.06.2022,C-0-2-3-C
20.12.2013,12-13-17-22-43,03.10.2022,A-4-4-5-S
17.12.2013,6-8-27-37-41,07.10.2022,A-4-8-8-Y
13.12.2013,1-22-23-24-31,06.11.2022,L-6-1-6-E
10.12.2013,6-24-35-49-50,01.07.2022,R-0-6-9-K
06.12.2013,1-2-18-31-36,07.10.2022,G-8-7-4-Y
03.12.2013,6-13-15-29-32,02.09.2022,B-4-7-1-D
29.11.2013,2-7-10-23-43,04.07.2022,D-4-4-2-I
26.11.2013,19-23-27-42-44,03.05.2022,I-6-9-1-X
22.11.2013,13-25-26-40-50,08.09.2022,M-5-3-1-F
19.11.2013,14-15-19-36-45,01.10.2022,T-8-2-8-C
15.11.2013,3-13-15-29-42,01.04.2022,S-5-9-3-W
12.11.2013,14-29-37-40-48,02.11.2022,W-1-9-5-Z
08.11.2013,20-28-35-42-43,08.10.2022,A-2-3-0-Z
05.11.2013,6-12-13-35-38,02.03.2022,O-6-7-7-K
01.11.2013,7-19-29-30-33,03.08.2022,G-5-7-4-Z
29.10.2013,9-10-30-32-37,02.06.2022,J-5-5-9-K
25.10.2013,2-3-10-31-38,06.10.2022,T-0-1-9-V
22.10.2013,29-33-39-41-44,09.11.2022,O-3-6-1-J
18.10.2013,5-25-36-46-47,02.06.2022,Z-1-4-1-H
15.10.2013,18-27-39-43-47,04.07.2022,E-3-0-2-H
11.10.2013,6-12-17-23-43,05.09.2022,S-5-3-2-W
08.10.2013,23-24-26-33-42,03.05.2022,E-4-3-7-A
04.10.2013,6-20-24-35-50,05.10.2022,E-8-0-5-H
01.10.2013,19-23-25-44-48,08.09.2022,G-2-2-7-Q
27.09.2013,11-15-38-41-43,02.06.2022,J-5-5-5-T
24.09.2013,10-20-26-28-43,09.11.2022,F-6-3-5-Y
20.09.2013,5-11-35-38-45,02.03.2022,E-3-1-8-D
17.09.2013,13-17-21-42-44,09.11.2022,V-4-9-5-R
13.09.2013,4-6-14-27-33,05.10.2022,X-0-4-7-R
10.09.2013,7-11-14-28-30,02.10.2022,H-8-2-5-Q
06.09.2013,11-23-25-32-37,04.07.2022,N-5-2-0-M
03.09.2013,5-9-16-18-42,07.09.2022,L-2-7-6-U
30.08.2013,2-17-25-36-45,05.09.2022,R-1-5-1-V
27.08.2013,7-30-38-40-43,02.06.2022,X-8-8-4-E
23.08.2013,1-6-26-30-37,05.08.2022,O-6-2-4-X
20.08.2013,5-11-42-49-50,08.11.2022,C-4-4-7-R
16.08.2013,20-24-27-37-39,05.10.2022,C-9-9-1-M
13.08.2013,5-17-20-47-50,01.04.2022,R-3-2-3-G
09.08.2013,4-7-9-23-24,08.09.2022,C-6-9-1-M
06.08.2013,16-17-31-47-49,03.11.2022,P-8-0-1-H
02.08.2013,21-36-37-42-48,04.07.2022,Q-9-3-6-D
30.07.2013,3-4-11-14-43,01.06.2022,D-8-9-6-W
26.07.2013,12-23-29-38-49,03.04.2022,O-0-7-5-U
23.07.2013,14-15-16-19-44,04.05.2022,T-0-7-0-N
19.07.2013,13-16-24-26-35,02.05.2022,J-9-0-3-P
16.07.2013,19-23-34-47-50,04.06.2022,E-0-5-0-T
12.07.2013,18-26-32-33-42,02.03.2022,M-6-9-2-C
09.07.2013,16-18-31-38-49,04.10.2022,Z-2-7-1-W
05.07.2013,4-12-15-28-33,01.10.2022,W-6-1-3-F
02.07.2013,11-13-14-28-30,04.05.2022,Q-4-5-0-D
28.06.2013,1-15-28-35-47,01.07.2022,T-8-1-5-D
25.06.2013,4-5-13-27-35,01.02.2022,G-0-6-3-M
21.06.2013,10-11-30-36-45,01.02.2022,W-5-7-8-Q
18.06.2013,17-24-33-41-44,01.11.2022,O-2-5-9-T
14.06.2013,10-25-41-47-48,06.10.2022,R-2-0-4-N
11.06.2013,5-7-9-25-41,01.05.2022,U-7-3-3-U
07.06.2013,7-14-26-45-50,02.07.2022,A-2-3-6-R
04.06.2013,31-33-34-37-40,01.06.2022,C-4-4-3-Q
31.05.2013,27-28-29-34-43,05.10.2022,L-7-5-7-P
28.05.2013,8-13-26-34-38,03.11.2022,M-9-9-3-P
24.05.2013,7-17-22-27-40,02.03.2022,M-9-1-5-E
21.05.2013,7-8-19-28-29,05.09.2022,F-3-1-9-B
17.05.2013,6-20-24-25-50,09.10.2022,D-5-9-4-W
14.05.2013,7-8-24-27-36,05.11.2022,C-0-2-2-E
10.05.2013,1-32-35-45-48,04.11.2022,S-4-7-9-Y
07.05.2013,13-27-28-42-43,04.06.2022,V-4-1-8-M
03.05.2013,3-5-34-40-49,02.03.2022,Z-8-1-2-Z
30.04.2013,13-36-40-43-50,05.09.2022,M-4-0-2-J
26.04.2013,11-16-24-38-40,02.05.2022,W-3-5-2-Q
23.04.2013,1-4-7-10-50,04.11.2022,G-9-9-2-J
19.04.2013,1-8-42-46-48,04.07.2022,B-2-4-4-T
16.04.2013,1-11-22-33-50,04.06.2022,O-8-5-3-N
12.04.2013,5-10-15-28-45,03.09.2022,V-5-1-9-Y
09.04.2013,15-35-38-44-48,05.10.2022,H-6-1-0-P
05.04.2013,1-11-17-32-39,02.07.2022,L-1-4-9-Z
02.04.2013,12-17-25-29-41,01.04.2022,I-7-1-0-C
29.03.2013,13-30-43-44-46,05.09.2022,T-1-4-5-U
26.03.2013,4-26-30-42-44,06.11.2022,W-9-6-7-Z
22.03.2013,12-27-32-34-49,08.09.2022,X-9-0-5-D
19.03.2013,19-32-35-37-44,01.09.2022,G-4-8-6-D
15.03.2013,4-14-21-24-39,03.10.2022,I-0-0-9-W
12.03.2013,2-4-10-22-50,05.08.2022,D-4-0-1-D
08.03.2013,3-20-23-28-42,08.11.2022,P-8-4-2-Z
05.03.2013,8-19-31-33-39,02.07.2022,D-8-2-4-Q
01.03.2013,1-11-29-36-42,04.05.2022,T-4-3-0-V
26.02.2013,3-12-13-17-30,02.06.2022,Y-6-5-1-S
22.02.2013,15-16-28-36-37,02.11.2022,K-4-2-6-U
19.02.2013,12-15-28-30-44,08.09.2022,A-4-5-4-W
15.02.2013,2-4-22-28-42,04.09.2022,B-1-9-0-S
12.02.2013,5-11-16-25-28,07.09.2022,J-0-7-5-V
08.02.2013,9-11-14-34-44,10.11.2022,W-7-3-6-G
05.02.2013,6-25-31-40-45,06.07.2022,V-7-2-8-U
01.02.2013,5-21-34-37-38,01.06.2022,D-7-7-6-Z
29.01.2013,9-16-26-36-39,02.06.2022,O-7-3-2-E
25.01.2013,3-10-18-31-37,02.04.2022,X-4-9-0-I
22.01.2013,1-10-44-45-48,01.04.2022,N-7-6-0-I
18.01.2013,4-26-27-30-39,03.10.2022,E-2-9-1-J
15.01.2013,22-38-40-42-47,01.11.2022,F-8-7-5-V
11.01.2013,4-22-29-37-41,04.07.2022,Z-8-4-7-C
08.01.2013,2-20-22-26-47,05.09.2022,J-0-2-3-S
04.01.2013,4-10-22-27-41,08.10.2022,J-6-3-4-H
01.01.2013,2-7-8-36-49,01.11.2022,I-4-3-6-E
28.12.2012,17-24-26-27-49,03.05.2022,H-8-5-8-U
25.12.2012,14-18-20-23-32,03.10.2022,D-8-7-3-Q
21.12.2012,3-5-22-40-42,03.10.2022,L-0-3-1-R
18.12.2012,14-18-20-35-44,02.05.2022,S-7-8-1-P
14.12.2012,10-11-29-40-43,03.11.2022,Z-8-2-9-U
11.12.2012,1-4-9-43-50,06.08.2022,W-0-5-1-Y
07.12.2012,10-16-18-31-42,02.05.2022,T-7-3-8-P
04.12.2012,5-10-28-29-44,02.04.2022,F-0-1-1-Z
30.11.2012,10-18-23-24-40,03.04.2022,Q-0-8-9-N
27.11.2012,6-10-23-44-49,01.07.2022,C-1-4-6-I
23.11.2012,1-9-11-20-40,01.05.2022,Q-3-6-3-I
20.11.2012,28-30-42-45-49,05.10.2022,Y-8-3-9-W
16.11.2012,10-15-19-23-41,02.09.2022,Z-9-7-8-V
13.11.2012,11-16-21-24-29,02.06.2022,B-8-5-5-B
09.11.2012,14-21-22-28-47,04.05.2022,L-2-6-8-A
06.11.2012,7-20-25-35-41,01.09.2022,G-6-7-1-Y
02.11.2012,3-6-10-11-44,03.04.2022,N-5-2-7-M
30.10.2012,23-24-25-31-44,02.03.2022,X-4-5-6-L
26.10.2012,5-6-9-27-38,05.11.2022,U-9-0-5-J
23.10.2012,1-28-35-38-50,02.10.2022,V-1-9-4-G
19.10.2012,16-29-37-40-44,08.10.2022,J-0-7-1-Z
16.10.2012,10-32-40-41-49,02.08.2022,L-1-8-4-V
12.10.2012,6-7-17-35-43,02.08.2022,D-9-7-5-M
09.10.2012,2-8-10-23-25,08.09.2022,M-7-8-0-C
05.10.2012,9-16-18-19-21,02.03.2022,D-5-4-1-S
02.10.2012,4-16-21-36-42,07.08.2022,Z-6-0-2-N
28.09.2012,20-23-26-30-33,06.09.2022,B-5-1-5-K
25.09.2012,7-25-27-48-49,01.04.2022,Z-8-8-8-R
21.09.2012,4-19-34-41-43,07.11.2022,B-6-5-1-Y
18.09.2012,6-7-38-39-44,07.09.2022,G-6-5-3-E
14.09.2012,3-10-23-27-44,07.09.2022,Y-0-6-4-M
11.09.2012,6-15-22-37-44,02.04.2022,M-7-5-0-A
07.09.2012,13-15-30-35-42,04.06.2022,X-9-5-7-U
04.09.2012,11-17-18-39-44,05.10.2022,A-7-5-7-R
31.08.2012,16-28-31-33-48,07.11.2022,M-4-6-7-W
28.08.2012,1-18-25-26-44,04.05.2022,W-2-5-3-G
24.08.2012,5-6-12-19-37,03.07.2022,Q-5-2-5-Y
21.08.2012,4-5-17-38-48,03.04.2022,D-3-7-1-V
17.08.2012,19-25-28-33-44,02.08.2022,X-6-3-6-C
14.08.2012,1-16-38-42-45,09.10.2022,R-9-3-4-Z
10.08.2012,11-17-21-48-50,09.10.2022,S-5-9-3-S
07.08.2012,20-27-34-46-50,02.03.2022,T-5-8-0-I
03.08.2012,24-34-35-42-46,01.05.2022,Y-5-6-1-I
31.07.2012,4-29-35-36-39,08.09.2022,L-2-8-0-P
27.07.2012,14-15-21-23-48,02.10.2022,Y-3-3-8-F
24.07.2012,4-16-18-25-44,01.11.2022,I-2-5-7-H
20.07.2012,10-19-23-45-49,09.10.2022,X-2-8-1-A
17.07.2012,2-7-24-43-46,08.10.2022,M-8-0-6-H
13.07.2012,8-18-25-35-46,04.09.2022,J-3-8-9-G
10.07.2012,1-3-16-24-37,01.08.2022,U-5-3-1-T
06.07.2012,31-32-38-40-42,01.03.2022,A-0-6-8-K
03.07.2012,2-7-22-27-40,03.06.2022,O-1-9-7-H
29.06.2012,14-17-28-29-39,01.11.2022,C-5-8-1-L
26.06.2012,1-11-20-22-35,08.10.2022,L-1-7-3-N
22.06.2012,14-18-19-43-49,03.07.2022,J-9-1-8-X
19.06.2012,7-17-20-35-50,05.11.2022,R-7-3-4-P
15.06.2012,10-22-27-38-48,03.07.2022,S-4-8-5-K
12.06.2012,8-15-26-30-48,09.10.2022,H-0-4-8-T
08.06.2012,5-11-22-34-40,09.11.2022,Y-2-4-8-B
05.06.2012,13-34-37-47-49,08.09.2022,B-1-6-8-I
01.06.2012,2-4-14-26-36,09.10.2022,Y-1-5-9-V
29.05.2012,8-15-17-25-28,03.11.2022,N-0-8-5-D
25.05.2012,12-22-35-46-49,02.08.2022,P-0-0-6-B
22.05.2012,16-31-32-37-41,01.07.2022,A-6-1-3-S
18.05.2012,13-29-43-47-50,09.11.2022,B-2-4-7-E
15.05.2012,2-11-13-26-50,02.05.2022,V-0-6-0-T
11.05.2012,1-13-17-38-44,02.11.2022,A-3-4-1-S
08.05.2012,3-21-34-38-48,05.08.2022,Q-5-3-6-U
04.05.2012,3-26-39-40-41,01.02.2022,B-1-5-6-F
01.05.2012,4-5-15-19-41,09.11.2022,Q-2-9-0-B
27.04.2012,20-27-30-36-43,01.06.2022,J-5-0-1-S
24.04.2012,8-9-24-43-48,03.05.2022,H-7-0-6-C
20.04.2012,3-6-29-32-41,10.11.2022,U-6-2-2-X
17.04.2012,10-28-33-48-49,01.10.2022,A-7-4-5-Z
13.04.2012,8-13-26-39-43,03.05.2022,X-8-8-0-Q
10.04.2012,22-25-27-36-37,05.09.2022,I-2-3-9-H
06.04.2012,11-20-30-35-45,02.03.2022,A-9-9-5-E
03.04.2012,1-8-18-25-30,09.10.2022,I-4-6-5-L
30.03.2012,4-17-23-36-46,06.10.2022,Z-5-3-7-Q
27.03.2012,24-27-29-34-36,07.08.2022,L-0-3-9-G
23.03.2012,9-15-23-31-50,08.11.2022,X-9-5-5-N
20.03.2012,15-16-28-30-46,03.04.2022,B-5-5-1-K
16.03.2012,3-4-12-23-50,04.07.2022,E-7-4-3-L
13.03.2012,1-10-25-43-47,08.09.2022,O-7-7-6-V
09.03.2012,3-32-36-39-47,06.09.2022,I-1-5-1-S
06.03.2012,23-24-27-37-47,02.06.2022,H-8-3-1-T
02.03.2012,5-6-11-30-44,02.06.2022,B-6-4-7-X
28.02.2012,1-10-17-33-48,02.03.2022,Q-6-4-2-M
24.02.2012,3-7-12-26-34,08.10.2022,C-3-6-7-L
21.02.2012,11-14-24-25-29,07.11.2022,L-0-7-3-F
17.02.2012,4-11-28-38-47,10.11.2022,B-4-2-0-U
14.02.2012,14-27-36-42-46,08.11.2022,O-9-4-6-F
10.02.2012,3-8-14-31-41,07.11.2022,I-4-1-1-S
07.02.2012,3-15-17-28-33,02.04.2022,I-1-4-0-K
03.02.2012,16-19-20-25-28,01.10.2022,W-0-0-3-B
31.01.2012,9-34-38-43-45,02.04.2022,X-9-4-7-Z
27.01.2012,10-13-19-39-44,02.06.2022,V-9-1-9-V
24.01.2012,1-2-6-20-36,08.11.2022,E-1-6-6-X
20.01.2012,2-10-22-27-28,06.08.2022,T-0-6-5-C
17.01.2012,12-22-30-31-44,05.06.2022,J-7-8-3-F
13.01.2012,13-14-21-27-39,06.08.2022,F-2-5-9-W
10.01.2012,4-9-10-30-40,02.09.2022,L-1-7-8-O
06.01.2012,1-6-10-12-31,02.07.2022,K-7-9-9-E
03.01.2012,3-30-42-45-49,05.10.2022,R-9-6-4-B
30.12.2011,16-36-43-44-50,07.08.2022,U-3-9-6-W
27.12.2011,19-21-25-26-44,03.07.2022,M-8-5-2-V
23.12.2011,7-21-22-24-28,01.11.2022,P-8-7-0-M
20.12.2011,1-9-12-14-48,01.07.2022,T-9-3-3-O
16.12.2011,2-5-10-23-31,02.05.2022,Y-4-2-3-P
13.12.2011,7-12-18-33-37,01.11.2022,A-9-8-5-V
09.12.2011,12-21-29-44-47,01.02.2022,T-1-8-7-N
06.12.2011,19-20-21-34-38,03.09.2022,J-3-2-4-T
02.12.2011,7-27-30-40-43,08.09.2022,T-6-9-9-U
29.11.2011,11-25-41-45-50,02.07.2022,O-6-4-2-L
25.11.2011,14-19-26-28-34,05.08.2022,J-5-4-0-O
22.11.2011,16-18-24-38-40,02.04.2022,T-0-3-6-P
18.11.2011,4-12-24-39-44,02.04.2022,F-8-3-4-V
15.11.2011,6-17-22-45-47,03.11.2022,Y-2-8-6-J
11.11.2011,1-4-18-23-30,03.07.2022,T-7-8-7-D
08.11.2011,1-4-15-29-40,01.05.2022,H-5-5-1-M
04.11.2011,11-14-41-43-50,02.09.2022,D-9-9-3-R
01.11.2011,14-20-23-45-46,01.11.2022,I-6-2-7-S
28.10.2011,16-17-20-39-50,04.08.2022,N-0-8-7-T
25.10.2011,12-22-27-28-39,04.10.2022,M-5-3-2-S
21.10.2011,2-19-33-37-46,05.08.2022,N-4-5-2-Z
18.10.2011,18-23-37-46-48,02.10.2022,V-0-7-7-X
14.10.2011,12-23-29-32-47,03.05.2022,S-8-6-4-K
11.10.2011,1-4-12-16-48,09.10.2022,M-2-8-2-J
07.10.2011,18-26-34-38-42,05.08.2022,P-5-2-7-R
04.10.2011,14-16-23-38-45,08.11.2022,I-4-9-1-F
30.09.2011,5-15-28-31-44,01.06.2022,C-7-3-4-M
27.09.2011,18-27-28-35-40,03.05.2022,T-1-8-5-X
23.09.2011,6-14-33-34-48,02.06.2022,H-2-6-1-L
20.09.2011,9-19-25-36-38,07.11.2022,P-5-6-0-S
16.09.2011,2-8-17-39-42,03.10.2022,B-2-9-5-P
13.09.2011,9-28-30-32-49,09.10.2022,Y-7-6-2-Q
09.09.2011,5-21-28-31-34,01.02.2022,O-9-5-1-J
06.09.2011,35-42-47-48-50,08.09.2022,X-8-3-4-L
02.09.2011,12-26-37-38-44,04.07.2022,F-6-1-8-F
30.08.2011,2-8-10-19-46,05.09.2022,S-7-8-6-Y
26.08.2011,12-22-25-33-45,05.07.2022,Y-4-1-0-X
23.08.2011,4-6-14-42-50,02.04.2022,D-9-3-6-U
19.08.2011,6-14-16-28-31,02.11.2022,O-9-4-7-X
16.08.2011,1-13-17-18-45,03.08.2022,R-1-0-9-Y
12.08.2011,7-10-20-27-37,04.07.2022,R-7-9-0-F
09.08.2011,7-23-24-34-36,08.11.2022,E-6-6-4-J
05.08.2011,13-14-18-32-34,01.10.2022,Z-3-4-0-N
02.08.2011,5-8-14-24-33,03.08.2022,P-8-6-6-E
29.07.2011,12-19-27-37-38,05.10.2022,M-3-0-3-Z
26.07.2011,1-5-22-25-48,03.11.2022,W-6-9-9-U
22.07.2011,4-15-23-49-50,02.06.2022,K-2-0-7-R
19.07.2011,3-16-25-26-35,05.09.2022,L-3-1-0-I
15.07.2011,6-26-33-34-39,03.04.2022,U-1-3-7-A
12.07.2011,17-19-38-42-45,09.10.2022,S-6-2-2-C
08.07.2011,12-13-23-40-49,07.10.2022,A-2-5-1-Q
05.07.2011,11-28-29-47-49,01.05.2022,R-1-4-7-M
01.07.2011,8-11-23-31-46,08.09.2022,J-9-4-0-C
28.06.2011,15-16-30-44-50,02.03.2022,J-0-3-8-C
24.06.2011,5-16-20-30-41,06.11.2022,C-1-9-0-H
21.06.2011,17-20-35-49-50,03.04.2022,P-1-5-4-T
17.06.2011,11-16-21-22-44,03.08.2022,V-8-7-6-Q
14.06.2011,5-12-19-41-48,08.10.2022,U-0-5-9-L
10.06.2011,3-19-20-37-48,08.11.2022,X-3-7-7-C
07.06.2011,6-25-36-38-40,04.10.2022,N-9-2-7-O
03.06.2011,4-39-40-49-50,02.05.2022,W-3-1-8-K
31.05.2011,1-9-10-22-50,05.11.2022,F-4-1-8-K
27.05.2011,9-17-25-28-49,08.09.2022,S-1-4-4-T
24.05.2011,16-23-24-26-29,02.09.2022,U-6-5-4-U
20.05.2011,10-14-20-25-42,08.11.2022,F-7-7-6-X
17.05.2011,20-21-37-45-46,02.03.2022,V-4-5-6-M
13.05.2011,9-11-17-36-47,01.02.2022,D-6-0-8-U
10.05.2011,3-10-15-28-45,05.07.2022,E-6-0-0-D
06.05.2011,11-16-20-22-28,04.09.2022,E-8-5-5-N
29.04.2011,15-25-38-40-41,01.02.2022,P-2-9-8-C
22.04.2011,11-22-36-45-48,01.04.2022,X-1-3-2-I
15.04.2011,4-6-21-39-41,02.06.2022,J-9-9-0-D
08.04.2011,21-23-38-47-50,02.06.2022,G-1-6-9-C
01.04.2011,4-17-21-22-33,04.08.2022,D-4-5-8-U
25.03.2011,6-12-21-27-33,03.07.2022,J-0-1-7-K
18.03.2011,1-13-20-26-50,06.07.2022,X-3-7-9-F
11.03.2011,17-19-24-37-46,02.07.2022,V-1-3-5-B
04.03.2011,11-25-27-28-41,05.08.2022,M-0-5-3-M
25.02.2011,12-13-42-45-48,03.09.2022,V-3-7-4-I
18.02.2011,2-3-15-45-49,05.09.2022,A-9-5-2-B
11.02.2011,12-14-15-19-23,07.08.2022,F-3-4-0-B
04.02.2011,2-11-24-35-47,05.09.2022,S-8-5-7-D
28.01.2011,13-23-24-41-42,01.05.2022,T-5-1-0-V
21.01.2011,3-11-13-18-21,04.05.2022,Q-8-8-7-I
14.01.2011,2-14-24-39-44,06.07.2022,P-2-8-9-W
07.01.2011,1-22-32-48-50,06.07.2022,D-0-0-6-E
31.12.2010,2-24-34-38-43,01.07.2022,Z-3-7-5-H
24.12.2010,19-36-38-42-46,02.08.2022,V-3-6-8-Y
17.12.2010,3-20-29-35-42,03.08.2022,Z-2-9-8-M
10.12.2010,2-3-10-33-46,07.08.2022,I-1-1-1-F
03.12.2010,8-19-28-32-46,04.07.2022,D-5-2-8-P
26.11.2010,9-28-36-41-49,05.07.2022,R-3-8-0-V
